{
 "100": {
  "M": [
   10000,
   30000,
   100000,
   300000,
   1000000,
   3000000,
   10000000
  ],
  "t": [
   0.016820563998408034,
   0.04858735100060585,
   0.15901323599973693,
   0.47292797200134373,
   1.5741975444998388,
   4.712428900500527,
   15.68842084249809
  ]
 },
 "1000": {
  "M": [
   10000,
   30000,
   100000,
   300000,
   1000000,
   3000000,
   10000000
  ],
  "t": [
   0.05089844550093403,
   0.14694722550120787,
   0.4841033470002003,
   1.4419759934971808,
   4.800248851499418,
   14.522978594999586,
   48.399476681499436
  ]
 }
}