{
 "100": {
  "M": [
   1000,
   3000,
   10000,
   30000,
   100000,
   300000
  ],
  "t": [
   0.11245773800146708,
   0.16698037700007262,
   0.3712889090002136,
   0.9671091389991489,
   3.487807535499087,
   11.109953930499614
  ]
 },
 "1000": {
  "M": [
   1000,
   3000,
   10000,
   30000,
   100000,
   300000
  ],
  "t": [
   3.3556579489995784,
   5.2341247130007105,
   11.960000777500682,
   38.10381422049977,
   195.29579609700158,
   387.633901915
  ]
 }
}